Cidade,Total_Vendas
Florianópolis,241477.94
Salvador,153825.68
Brasília,148013.25
Fortaleza,145752.43
Rio de Janeiro,131120.19999999998
Belo Horizonte,122718.09
São Paulo,114150.66
Porto Alegre,102184.03
Recife,89779.56
Curitiba,60141.840000000004
